time,action,market,outcome,shares,price,usd,pnl,reason
2026-10-09T21:57:13+00:00,BUY,Genoa CFC vs. ACF Fiorentina: ACF Fiorentina O/U 0.5,Over,12.66,0.7900,10.00,,GENOA-FIORENTINA: MG 1-3 OSPITE (approssimato) | pengwin approx: Fiorentina to score ≥1 goal (Over 0.5) matches lower bound of the multigol range
2026-10-09T21:57:24+00:00,BUY,SSC Napoli vs. Frosinone Calcio: SSC Napoli O/U 2.5,Over,23.26,0.4300,10.00,,NAPOLI-FROSINONE: MULTIGOL 2-5 CASA (approssimato) | pengwin approx: home O/U 2.5 Over approximates 2-5 goals
2026-10-09T21:57:29+00:00,BUY,Will Como 1907 vs. AS Roma end in a draw?,Yes,35.71,0.2800,10.00,,COMO-ROMA: X @1.40 (esatto) | pengwin exact: draw leg matches market 1 Yes
2026-10-09T21:57:39+00:00,BUY,US Sassuolo Calcio vs. AC Milan: O/U 1.5,Over,12.50,0.8000,10.00,,SASSUOLO-MILAN: OVER 1.5 (esatto) | pengwin exact: replicates Over 1.5 leg
2026-10-09T21:57:45+00:00,BUY,Cagliari Calcio vs. Juventus FC: Juventus FC O/U 0.5,Over,11.69,0.8557,10.00,,CAGLIARI-JUVENTUS: MG 1-3 OSPITE (approssimato) | pengwin approx: Juventus to score at least 1 goal (Over 0.5) matches one leg of the combo
2026-10-09T21:58:12+00:00,BUY,Will Arsenal FC win on 2026-10-10?,Yes,14.29,0.7000,10.00,,ARSENAL-LEEDS UNITED: 1 fisso @1.40 (esatto) | pengwin exact: home win
2026-10-09T21:58:17+00:00,BUY,Aston Villa FC vs. Brentford FC: Both Teams to Score,Yes,16.13,0.6200,10.00,,"ASTON VILLA-BRENTFORD: GG (Both Teams to Score) @1.60 (esatto) | pengwin exact: Tipster calls it a 'gara da GOAL', i.e., both teams to score"
2026-10-09T21:58:52+00:00,BUY,Deportivo Alavés vs. Club Atlético de Madrid: O/U 4.5,Under,11.49,0.8700,10.00,,Alaves-Atletico Madrid: X2+Under 4.5 (approssimato) | pengwin approx: Under 4.5 maps to market 13 Under
2026-10-09T21:58:57+00:00,BUY,FC Barcelona vs. Getafe CF: O/U 2.5,Under,41.67,0.2400,10.00,,Barcellona-Getafe: UNDER 2.5 (esatto) | pengwin exact: full‑match under 2.5
2026-10-09T21:59:13+00:00,BUY,Real Betis Balompié vs. CA Osasuna: O/U 1.5,Over,12.66,0.7900,10.00,,"Betis-Osasuna: OVER 1.5 (approssimato) | pengwin approx: combo 1X+Over 1.5, pick Over 1.5 leg"
2026-10-10T14:04:58+00:00,SELL,Will Arsenal FC win on 2026-10-10?,Yes,14.29,1.0000,14.29,+4.29,resolved
2026-10-10T15:37:03+00:00,SELL,Genoa CFC vs. ACF Fiorentina: ACF Fiorentina O/U 0.5,Over,12.66,1.0000,12.66,+2.66,resolved
2026-10-10T17:17:15+00:00,SELL,Aston Villa FC vs. Brentford FC: Both Teams to Score,Yes,16.13,1.0000,16.13,+6.13,resolved
2026-10-10T17:17:16+00:00,SELL,Deportivo Alavés vs. Club Atlético de Madrid: O/U 4.5,Under,11.49,1.0000,11.49,+1.49,resolved
2026-10-10T19:28:37+00:00,SELL,FC Barcelona vs. Getafe CF: O/U 2.5,Under,41.67,0.0000,0.00,-10.00,resolved
2026-10-10T23:02:31+00:00,SELL,SSC Napoli vs. Frosinone Calcio: SSC Napoli O/U 2.5,Over,23.26,1.0000,23.26,+13.26,resolved
